Project Name,Time Spent (seconds)
-,1021.0403730000006
455,2.268959
486,6.757116
